{
    "satisfaction_with_transcripts":{
        "count":20.0,
        "mean":6.2,
        "std":1.281446551,
        "min":4.0,
        "25%":5.0,
        "50%":6.0,
        "75%":7.0,
        "max":8.0
    },
    "timeline_feature_usefulness":{
        "count":20.0,
        "mean":7.8,
        "std":1.0052493799,
        "min":6.0,
        "25%":7.0,
        "50%":8.0,
        "75%":9.0,
        "max":9.0
    },
    "speaker_identification_accuracy":{
        "count":20.0,
        "mean":7.3,
        "std":1.1285761873,
        "min":6.0,
        "25%":6.0,
        "50%":7.0,
        "75%":8.0,
        "max":9.0
    },
    "extractive_summary_helpfulness":{
        "count":20.0,
        "mean":8.0,
        "std":0.7947194142,
        "min":7.0,
        "25%":7.0,
        "50%":8.0,
        "75%":9.0,
        "max":9.0
    },
    "abstractive_summary_helpfulness":{
        "count":20.0,
        "mean":7.3,
        "std":0.8013147092,
        "min":6.0,
        "25%":7.0,
        "50%":7.5,
        "75%":8.0,
        "max":8.0
    },
    "sentiment_analysis_usefulness":{
        "count":20.0,
        "mean":6.2,
        "std":0.7677718959,
        "min":5.0,
        "25%":6.0,
        "50%":6.0,
        "75%":7.0,
        "max":7.0
    },
    "time_saved":{
        "count":20.0,
        "mean":7.0,
        "std":0.7947194142,
        "min":6.0,
        "25%":6.0,
        "50%":7.0,
        "75%":8.0,
        "max":8.0
    },
    "interface_user_friendly":{
        "count":20.0,
        "mean":8.0,
        "std":0.7947194142,
        "min":7.0,
        "25%":7.0,
        "50%":8.0,
        "75%":9.0,
        "max":9.0
    },
    "processing_reliability":{
        "count":20.0,
        "mean":7.3,
        "std":0.9233805169,
        "min":6.0,
        "25%":7.0,
        "50%":7.0,
        "75%":8.0,
        "max":9.0
    },
    "recommend_to_colleague":{
        "count":20.0,
        "mean":7.7,
        "std":1.1285761873,
        "min":6.0,
        "25%":7.0,
        "50%":8.0,
        "75%":9.0,
        "max":9.0
    },
    "handling_complex_meetings":{
        "count":20.0,
        "mean":6.8,
        "std":1.1050125029,
        "min":5.0,
        "25%":6.0,
        "50%":7.0,
        "75%":8.0,
        "max":8.0
    }
}